id,description,name,promoCode,currency,isPublic,shouldSynchronize,amountDiscount,percentDiscount,stripeCouponId,stripePromoCodeId,createdAt,updatedAt,deletedAt,shouldStartTrial,duration,project
30,,FVPLUS40_FVPLUS_MONTHLY,FVPLUS40,EUR,t,t,4.00,40,vlBatAtG,promo_1Q7ZGDGtfooAUczLqIKbdsrd,2024-10-08 08:37:45.311978,2025-12-03 13:42:57.491051,,t,once,franceverif
31,,FVPLUS40_FVPLUS,FVPLUS40,EUR,t,t,48.00,40,ZGCbhl9V,promo_1Q7Z3rGtfooAUczLAHJ511lJ,2024-10-08 08:37:45.783131,2025-12-03 13:42:57.672016,,t,once,franceverif
32,,FVPLUS40_FVPLUS_2Y,FVPLUS40,EUR,t,t,96.00,40,6HrqHOuN,promo_1Q7Z3tGtfooAUczLCD060hNZ,2024-10-08 08:37:46.158548,2025-12-03 13:42:57.971548,,t,once,franceverif
36,,FVPLUS50_FVPLUS_MONTHLY,FVPLUS50,EUR,t,t,5.00,50,hV3b0E7g,promo_1Q7ZFfGtfooAUczL5mnObvCt,2024-10-08 08:37:47.954181,2025-12-03 13:42:58.093953,,t,once,franceverif
37,,FVPLUS50_FVPLUS,FVPLUS50,EUR,t,t,60.00,50,HNoZuqDC,promo_1Q7ZFgGtfooAUczLXs36Hskk,2024-10-08 08:37:48.407953,2025-12-03 13:42:58.195615,,t,once,franceverif
38,,FVPLUS50_FVPLUS_2Y,FVPLUS50,EUR,t,t,120.00,50,4jnCahr5,promo_1Q7ZFiGtfooAUczLEXySMRDX,2024-10-08 08:37:48.717197,2025-12-03 13:42:58.29621,,t,once,franceverif
42,,FVPLUS60_FVPLUS_MONTHLY,FVPLUS60,EUR,t,t,6.00,60,7Ntum88j,promo_1Q7ZFlGtfooAUczLkt5h9P6q,2024-10-08 08:37:50.161075,2025-12-03 13:42:58.472941,,t,once,franceverif
43,,FVPLUS60_FVPLUS,FVPLUS60,EUR,t,t,72.00,60,kfDHuElk,promo_1Q7ZFmGtfooAUczLOX8K5ACp,2024-10-08 08:37:50.591222,2025-12-03 13:42:58.67202,,t,once,franceverif
44,,FVPLUS60_FVPLUS_2Y,FVPLUS60,EUR,t,t,144.00,60,eXL61Jxo,promo_1Q7ZFoGtfooAUczL0MSNlfkF,2024-10-08 08:37:50.938479,2025-12-03 13:42:58.795408,,t,once,franceverif
48,,FVPLUS70_FVPLUS_MONTHLY,FVPLUS70,EUR,t,t,7.00,70,91t55ToN,promo_1Q7ZFsGtfooAUczLcqKs7kxJ,2024-10-08 08:37:52.54553,2025-12-03 13:42:59.072431,,t,once,franceverif
49,,FVPLUS70_FVPLUS,FVPLUS70,EUR,t,t,84.00,70,jbwO0sCt,promo_1Q7ZFtGtfooAUczL4oPttnqV,2024-10-08 08:37:52.937465,2025-12-03 13:42:59.096679,,t,once,franceverif
50,,FVPLUS70_FVPLUS_2Y,FVPLUS70,EUR,t,t,168.00,70,BE3HvTjU,promo_1Q7ZFvGtfooAUczLa9qwgr5b,2024-10-08 08:37:53.375744,2025-12-03 13:42:59.293039,,t,once,franceverif
54,,FVPLUS75_FVPLUS_MONTHLY,FVPLUS75,EUR,t,t,7.50,75,UL06KMQQ,promo_1Q7ZFzGtfooAUczLUyGW74P6,2024-10-08 08:37:54.79412,2025-12-03 13:42:59.395357,,t,once,franceverif
55,,FVPLUS75_FVPLUS,FVPLUS75,EUR,t,t,90.00,75,ki3Px7UZ,promo_1Q7ZG0GtfooAUczLDWTzkbXb,2024-10-08 08:37:55.248133,2025-12-03 13:42:59.498873,,t,once,franceverif
56,,FVPLUS75_FVPLUS_2Y,FVPLUS75,EUR,t,t,180.00,75,YsruZSJ4,promo_1Q7ZG2GtfooAUczLC317o1C4,2024-10-08 08:37:55.598333,2025-12-03 13:42:59.692494,,t,once,franceverif
60,,INVEST_FVPLUS_MONTHLY,INVEST,EUR,t,t,5.00,50,co2cbbe7,promo_1Q7ZG6GtfooAUczLHcEXczAE,2024-10-08 08:37:57.370231,2025-12-03 13:42:59.874426,,t,forever,franceverif
61,,INVEST_FVPLUS,INVEST,EUR,t,t,60.00,50,3uPtY7mG,promo_1Q7ZG7GtfooAUczLCriwCDWm,2024-10-08 08:37:57.730413,2025-12-03 13:42:59.896222,,t,forever,franceverif
62,,INVEST_FVPLUS_2Y,INVEST,EUR,t,t,120.00,50,oqIohpxP,promo_1Q7ZG9GtfooAUczLeqoOXyqG,2024-10-08 08:37:58.309544,2025-12-03 13:43:00.092813,,t,forever,franceverif
66,,AW99_FVPLUS_MONTHLY,AW99,EUR,t,t,9.90,99,kMEn5RRG,promo_1Q7ZGFGtfooAUczLjRV8abTe,2024-10-08 08:37:59.885336,2025-12-03 13:43:00.292179,,t,forever,franceverif
67,,AW99_FVPLUS,AW99,EUR,t,t,118.80,99,1rEqe9ww,promo_1Q7ZGHGtfooAUczLfGiCUTTQ,2024-10-08 08:38:00.345539,2025-12-03 13:43:00.493378,,t,forever,franceverif
68,,AW99_FVPLUS_2Y,AW99,EUR,t,t,237.00,99,VMbSZ0z2,promo_1Q7ZGIGtfooAUczLgud71skt,2024-10-08 08:38:00.745295,2025-12-03 13:43:00.691105,,t,forever,franceverif
72,,old_BASE_UPPLUS_MONTHLY_OLD,BASE,USD,t,t,23.30,,oZyKKjul,promo_1QfM2xGPQMseK89OeUlxq7LG,2025-01-03 13:10:21.38116,2025-01-20 09:07:30.819116,2025-01-20 09:07:30.819116,t,forever,controlplus
73,,BASE_UPPLUS_OLD,BASE,USD,t,t,349.49,,s2B0VX5b,promo_1QfM2yGPQMseK89OeDUE5Azb,2025-01-03 13:10:21.795287,2025-06-05 10:45:03.622588,,t,forever,controlplus
74,,BASE_UPPLUS_2_OLD,BASE,USD,t,t,60.00,,hdWBDHhB,promo_1QjGyZGPQMseK89OYqIHgjGy,2025-01-20 09:07:31.373029,2025-06-05 10:45:03.907137,,t,forever,controlplus
75,,BASE_UPPLUS_MONTHLY_OLD,BASE,USD,t,t,28.30,,H6WF8CDL,promo_1QfM2xGPQMseK89OeUlxq7LG,2025-02-07 10:29:24.530225,2025-06-05 10:45:03.340592,,t,forever,controlplus
76,,BASE_UPPLUS_QUARTERLY_OLD,BASE,USD,t,t,9.87,,fZHP8gNQ,promo_1QporxGPQMseK89Ozgd6PZSG,2025-02-07 10:29:25.227529,2025-06-05 10:45:04.188428,,t,forever,controlplus
77,,BASE_UPPLUS_HALFYEAR_OLD,BASE,USD,t,t,40.90,,5Cbb6wIe,promo_1QporyGPQMseK89OJaMaVmPs,2025-02-07 10:29:25.55004,2025-06-05 10:45:04.473018,,t,forever,controlplus
78,,AW99_UPPLUS_MONTHLY_OLD,AW99,USD,t,t,42.50,,xq5ppCPV,promo_1Qts3CGPQMseK89OhrZwPORY,2025-02-18 14:41:42.676608,2025-02-18 16:00:05.929223,,t,forever,controlplus
80,,Stripe Dashboard Test,stripe-dashboard-test,EUR,f,f,,12,BX5p9uZa,,2025-02-20 11:55:41.752492,2025-02-20 11:55:41.752492,,t,once,franceverif
82,,Stripe Dashboard Test 2,STRIPE-DASHBOARD-TEST-2,EUR,f,f,3.00,,Z2uAj33K,,2025-02-24 11:43:33.906621,2025-02-24 11:43:33.906621,,t,forever,franceverif
83,,Test coupon,TEST-COUPON,USD,f,f,0.00,20,12345,,2025-02-24 12:59:58.861855,2025-02-24 12:59:58.861855,,t,forever,controlplus
84,,Test France,TEST-FRANCE,EUR,f,f,0.00,50,12344,,2025-02-24 13:43:06.344021,2025-02-24 13:43:06.344021,,t,forever,franceverif
86,,CPLUS60_UPPLUS_HALFYEAR_OLD,CPLUS60,USD,t,t,54.90,,mC1HYRsf,promo_1QxPjLGPQMseK89OnrD84HI4,2025-02-28 09:19:31.0671,2025-06-05 10:45:05.860626,,t,forever,controlplus
87,,BASE_UPPLUS_HALFYEAR_64_99_OLD,BASE,USD,t,t,55.36,,mMUKxLW7,promo_1RE5dOGPQMseK89OyUSmO5yB,2025-04-15 09:14:20.546782,2025-06-05 10:45:04.755149,,t,forever,controlplus
88,,BASE_UPPLUS_QUARTERLY_49_99_OLD,BASE,USD,t,t,10.24,,4LS2tcBz,promo_1RE5ZkGPQMseK89O25FgZaCY,2025-04-15 09:14:20.8976,2025-06-05 10:45:05.029203,,t,forever,controlplus
89,,BASE_UPPLUS_QUARTERLY_39_99_OLD,BASE,USD,t,t,35.46,,3d4jua1T,promo_1RE5ZmGPQMseK89OXK4tMd8U,2025-04-15 09:14:21.226914,2025-06-05 10:45:05.305329,,t,forever,controlplus
90,,BASE_UPPLUS_HALFYEAR_49_99_OLD,BASE,USD,t,t,101.49,,ljLEkekT,promo_1RE5ZnGPQMseK89OBnaz5M7t,2025-04-15 09:14:21.55537,2025-06-05 10:45:05.578003,,t,forever,controlplus
91,,AW99_UPPLUS_MONTHLY_24_99_OLD,AW99,USD,t,t,23.99,99,bn40txqU,promo_1RWbJNGPQMseK89Oy9pC5fBy,2025-06-05 10:45:02.256181,2025-06-05 10:46:18.187731,,t,forever,controlplus
92,,AW99_UPPLUS_QUARTERLY_39_99_OLD,AW99,USD,t,t,74.45,99,h0Hz3ZSA,promo_1RWbJPGPQMseK89Ov6tLSVMY,2025-06-05 10:45:02.626265,2025-06-05 10:46:19.682247,,t,forever,controlplus
93,,AW99_UPPLUS_HALFYEAR_49_99_OLD,AW99,USD,t,t,150.48,99,BDcgNQo7,promo_1RWbJQGPQMseK89Ozezos9Zm,2025-06-05 10:45:02.963148,2025-06-05 10:46:21.054257,,t,forever,controlplus
94,,AW99_UPPLUS_MONTHLY_24_99,AW99,USD,t,t,23.99,99,IHpku3En,promo_1RWbOGQFjuwkEDFbKzqQJAwq,2025-06-05 10:50:43.184155,2025-12-03 13:43:01.091756,,t,forever,controlplus
95,,AW99_UPPLUS_QUARTERLY_39_99,AW99,USD,t,t,74.45,99,qS5cqcAw,promo_1RWbOHQFjuwkEDFbQEg9XRj3,2025-06-05 10:50:43.550427,2025-12-03 13:43:01.691095,,t,forever,controlplus
96,,AW99_UPPLUS_HALFYEAR_49_99,AW99,USD,t,t,150.48,99,3pSiEeLX,promo_1RWbOIQFjuwkEDFbaDHf59Kn,2025-06-05 10:50:43.896749,2025-12-03 13:43:01.876994,,t,forever,controlplus
97,,BASE_UPPLUS_MONTHLY,BASE,USD,t,t,28.30,,ily7Uv3u,promo_1RWbOKQFjuwkEDFbBd3oJwz4,2025-06-05 10:50:44.252881,2025-12-03 13:43:01.896101,,t,forever,controlplus
98,,BASE_UPPLUS,BASE,USD,t,t,349.49,,C8lhvX9p,promo_1RWbO4QFjuwkEDFbsWadAuVI,2025-06-05 10:50:44.614707,2025-12-03 13:43:02.091321,,t,forever,controlplus
99,,BASE_UPPLUS_2,BASE,USD,t,t,60.00,,yWwR5KSq,promo_1RWbO6QFjuwkEDFbnJhCkw72,2025-06-05 10:50:44.956451,2025-12-03 13:43:02.195899,,t,forever,controlplus
100,,BASE_UPPLUS_QUARTERLY,BASE,USD,t,t,9.87,,YYpy0pjS,promo_1RWbO7QFjuwkEDFbgFaaC8rr,2025-06-05 10:50:45.312134,2025-12-03 13:43:02.392283,,t,forever,controlplus
101,,BASE_UPPLUS_HALFYEAR,BASE,USD,t,t,40.90,,z5k5QMna,promo_1RWbO8QFjuwkEDFbuL2HUldA,2025-06-05 10:50:45.666453,2025-12-03 13:43:02.593011,,t,forever,controlplus
102,,BASE_UPPLUS_HALFYEAR_64_99,BASE,USD,t,t,55.36,,Jo7MKLVV,promo_1RWbO9QFjuwkEDFbbKr9D5vc,2025-06-05 10:50:46.073526,2025-12-03 13:43:02.791866,,t,forever,controlplus
103,,BASE_UPPLUS_QUARTERLY_49_99,BASE,USD,t,t,10.24,,vLaoXB2m,promo_1RWbOBQFjuwkEDFbUwoDPseJ,2025-06-05 10:50:46.427998,2025-12-03 13:43:02.993424,,t,forever,controlplus
104,,BASE_UPPLUS_QUARTERLY_39_99,BASE,USD,t,t,35.46,,lzzRD8Ro,promo_1RWbOCQFjuwkEDFbYW79uIpz,2025-06-05 10:50:46.803892,2025-12-03 13:43:03.291362,,t,forever,controlplus
105,,BASE_UPPLUS_HALFYEAR_49_99,BASE,USD,t,t,101.49,,0MofE9pw,promo_1RWbODQFjuwkEDFbRqoeu0xo,2025-06-05 10:50:47.174546,2025-12-03 13:43:03.472678,,t,forever,controlplus
106,,CPLUS60_UPPLUS_HALFYEAR,CPLUS60,USD,t,t,54.90,,TUwQEFVI,promo_1RWbOEQFjuwkEDFbawJYj68y,2025-06-05 10:50:47.602984,2025-12-03 13:43:03.576651,,t,forever,controlplus
109,,coupon_99.17,COUPON-99.17,USD,f,f,118.99,99,y6KayBN6,,2026-04-02 20:06:21.758996,2026-04-02 20:06:21.758996,,t,once,controlplus
110,,coupon_98.33,COUPON-98.33,USD,f,f,117.99,98,ulS278lC,,2026-04-03 13:13:50.734689,2026-04-03 13:13:50.734689,,t,once,controlplus
111,,coupon_90,COUPON-90,USD,f,f,4.50,90,NRNfZqJE,,2026-04-03 15:12:28.897167,2026-04-03 15:12:28.897167,,t,once,controlplus