id,title,description,name,currency,isPublic,shouldSynchronize,price,taxPercent,total,stripeProductId,stripePriceId,createdAt,updatedAt,deletedAt,startPrice,startTotal,stripeStartPriceId,taxId,project,interval,intervalCount,productId,type
2,FV+ Subscription,FV+ Subscription Plan,yearly,EUR,t,f,110.83,20.00,133.00,prod_P1ZJtsFJwdQY0Z,price_1OJc3rGtfooAUczLSF3jF5w1,2023-11-20 12:11:40.210854,2023-11-20 12:17:28.243704,,110.83,133.00,price_1ODWAvGtfooAUczLIxSBu6yL,1,franceverif,,1,,main
3,FV+ Subscription,FV+ Subscription Plan,fvplus,EUR,t,t,99.99,20.00,119.99,prod_P2wjyncyASiiJt,price_1PZ4w0GtfooAUczLwTdn65fU,2023-11-20 12:11:40.210854,2025-12-03 13:42:54.294003,,99.99,119.99,price_1PZ4w0GtfooAUczLwTdn65fU,3,franceverif,year,1,,main
4,FV+ Subscription monthly,FV+ Subscription Monthly Plan,fvplus_monthly,EUR,t,t,8.33,20.00,9.99,prod_PbkCam5kRzKrU8,price_1OmYbNGtfooAUczL0XwlvIx5,2024-02-22 07:28:27.661862,2025-12-03 13:42:54.274736,,8.33,9.99,price_1OmYbNGtfooAUczL0XwlvIx5,3,franceverif,month,1,,main
5,FV+ Subscription,FV+ Subscription Plan,fvplus_m,EUR,t,t,8.33,20.00,9.99,prod_P2wjyncyASiiJt,price_1OwMRTGtfooAUczLXLjjYOQv,2024-03-20 10:32:43.650914,2024-03-20 10:32:43.650914,,8.33,9.99,price_1OwMRTGtfooAUczLXLjjYOQv,1,franceverif,,1,,main
6,FV+ Subscription Apple,FV+ Subscription Plan Apple,fvplus_test,EUR,t,f,47.99,0.00,47.99,,,2024-03-20 10:32:43.650914,2024-03-20 10:32:43.650914,,47.99,47.99,,3,franceverif,,1,,main
7,FV+ Subscription Apple,FV+ Subscription Plan Apple,fvplus_apple_y,EUR,t,f,47.99,0.00,47.99,,,2024-03-20 10:32:43.650914,2024-03-20 10:32:43.650914,,47.99,47.99,,3,franceverif,year,1,,main
8,FV+ Subscription Apple,FV+ Subscription Plan Apple,fvplus_apple_test_y,EUR,t,f,47.99,0.00,47.99,,,2024-03-20 10:32:43.650914,2024-03-20 10:32:43.650914,,47.99,47.99,,3,franceverif,year,1,,main
9,FV+ Subscription Apple,FV+ Subscription Plan Apple,fvplus_apple_test_m,EUR,t,f,0.00,0.00,0.00,,,2024-06-28 09:14:44.811921,2024-06-28 09:14:44.811921,,0.00,0.00,,3,franceverif,month,2,,main
11,FV+ Subscription,FV+ Subscription Plan,fvplus_y_usd,USD,t,f,99.99,20.00,119.99,prod_P2wjyncyASiiJt,price_1Piy2AGtfooAUczLFVyfK2VO,2024-08-01 12:24:00.39674,2024-08-01 12:24:00.39674,,99.99,119.99,price_1Piy2AGtfooAUczLFVyfK2VO,3,franceverif,,1,,main
12,FV+ Subscription,FV+ Subscription Plan,fvplus_m_usd,USD,t,f,8.33,20.00,9.99,prod_P2wjyncyASiiJt,price_1Piy5MGtfooAUczL6vULpLit,2024-08-01 12:26:52.67591,2024-08-01 12:26:52.67591,,8.33,11.99,price_1Piy5MGtfooAUczL6vULpLit,3,franceverif,,1,,main
13,FV+ Subscription 2 years,FV+ Subscription 2 years Plan,fvplus_2y,EUR,t,t,200.00,20.00,240.00,prod_Qk8hranvfd6L7n,price_1PvEaGGtfooAUczL3texMnxh,2024-08-26 12:17:57.187553,2025-12-03 13:42:54.375776,,200.00,240.00,price_1PvEaGGtfooAUczL3texMnxh,3,franceverif,year,2,,main
14,FV+ Subscription 179,FV+ Subscription Plan 179,fvplus_179,EUR,t,t,149.00,20.00,179.00,prod_QxLfcrgSAH48Yy,price_1Q5Qy5GtfooAUczLKhoBhrBd,2023-11-20 12:11:40.210854,2023-12-15 07:10:37.838922,,149.00,179.00,price_1Q5Qy5GtfooAUczLKhoBhrBd,3,franceverif,,1,,main
15,FV+ Subscription 437,FV+ Subscription Plan 437,fvplus_437,EUR,t,t,364.00,20.00,437.00,prod_QxLgDoC9Tokh0A,price_1Q5QzUGtfooAUczLjLzypvbM,2023-11-20 12:11:40.210854,2023-12-15 07:10:37.838922,,364.00,437.00,price_1Q5QzUGtfooAUczLjLzypvbM,3,franceverif,,1,,main
16,FV+ Subscription 587,FV+ Subscription Plan 587,fvplus_587,EUR,t,t,489.00,20.00,587.00,prod_QxLhnx4eqYG6Et,price_1Q5R0NGtfooAUczLxIceuGOf,2023-11-20 12:11:40.210854,2023-12-15 07:10:37.838922,,489.00,587.00,price_1Q5R0NGtfooAUczLxIceuGOf,3,franceverif,,1,,main
20,UP+ Subscription Apple,UP+ Subscription Plan Apple,usa_protect_apple_main_test_month,USD,t,f,9.99,0.00,9.99,,,2024-10-21 08:14:06.809206,2024-10-21 08:14:06.809206,,9.99,9.99,,4,controlplus,month,1,,main
21,FV+ Subscription monthly,FV+ Subscription Monthly Plan,fvplus_apple_m,EUR,t,f,9.99,0.00,9.99,,,2024-10-22 13:57:30.577875,2024-10-22 13:57:30.577875,,9.99,9.99,,3,franceverif,month,1,,main
22,FranceVerif+ Montly_1,FranceVerif+ Montly_1,fvplus_apple_m_1,EUR,t,f,9.99,0.00,9.99,,,2024-10-22 13:57:30.577875,2024-10-22 13:57:30.577875,,9.99,9.99,,3,franceverif,month,1,,main
23,FranceVerif+ Montly_2,FranceVerif+ Montly_2,fvplus_apple_m_2,EUR,t,f,12.99,0.00,12.99,,,2024-10-22 13:57:30.577875,2024-10-22 13:57:30.577875,,12.99,12.99,,3,franceverif,month,1,,main
24,FranceVerif+ Montly_3,FranceVerif+ Montly_3,fvplus_apple_m_3,EUR,t,f,14.99,0.00,14.99,,,2024-10-22 13:57:30.577875,2024-10-22 13:57:30.577875,,14.99,14.99,,3,franceverif,month,1,,main
25,FranceVerif+ Montly_4,FranceVerif+ Montly_4,fvplus_apple_m_4,EUR,t,f,19.99,0.00,19.99,,,2024-10-22 13:57:30.577875,2024-10-22 13:57:30.577875,,19.99,19.99,,3,franceverif,month,1,,main
26,FranceVerif+ Montly Plus,FranceVerif+ Montly Plus,fvplus_apple_m_plus,EUR,t,f,12.99,0.00,12.99,,,2024-10-22 13:57:30.577875,2024-10-22 13:57:30.577875,,12.99,12.99,,3,franceverif,month,1,,main
27,FranceVerif+ Montly Plus_2,FranceVerif+ Montly Plus_2,fvplus_apple_m_plus_2,EUR,t,f,14.99,0.00,14.99,,,2024-10-22 13:57:30.577875,2024-10-22 13:57:30.577875,,14.99,14.99,,3,franceverif,month,1,,main
28,FranceVerif+ Montly Plus_3,FranceVerif+ Montly Plus_3,fvplus_apple_m_plus_3,EUR,t,f,19.99,0.00,19.99,,,2024-10-22 13:57:30.577875,2024-10-22 13:57:30.577875,,19.99,19.99,,3,franceverif,month,1,,main
29,FranceVerif+ Montly Plus_4,FranceVerif+ Montly Plus_4,fvplus_apple_m_plus_4,EUR,t,f,24.99,0.00,24.99,,,2024-10-22 13:57:30.577875,2024-10-22 13:57:30.577875,,24.99,24.99,,3,franceverif,month,1,,main
30,FranceVerif+ Annually_1,FranceVerif+ Annually_1,fvplus_apple_sub_y_1,EUR,t,f,49.99,0.00,49.99,,,2024-10-22 13:57:30.577875,2024-10-22 13:57:30.577875,,49.99,49.99,,3,franceverif,year,1,,main
31,FranceVerif+ Annually_2,FranceVerif+ Annually_2,fvplus_apple_sub_y_2,EUR,t,f,59.99,0.00,59.99,,,2024-10-22 13:57:30.577875,2024-10-22 13:57:30.577875,,59.99,59.99,,3,franceverif,year,1,,main
32,FranceVerif+ Annually_3,FranceVerif+ Annually_3,fvplus_apple_sub_y_3,EUR,t,f,49.99,0.00,49.99,,,2024-10-22 13:57:30.577875,2024-10-22 13:57:30.577875,,49.99,49.99,,3,franceverif,year,1,,main
33,FranceVerif+ Annually_4,FranceVerif+ Annually_4,fvplus_apple_sub_y_4,EUR,t,f,59.99,0.00,59.99,,,2024-10-22 13:57:30.577875,2024-10-22 13:57:30.577875,,59.99,59.99,,3,franceverif,year,1,,main
34,FranceVerif+ Annually_5,FranceVerif+ Annually_5,fvplus_apple_sub_y_5,EUR,t,f,69.99,0.00,69.99,,,2024-10-22 13:57:30.577875,2024-10-22 13:57:30.577875,,69.99,69.99,,3,franceverif,year,1,,main
35,FranceVerif+ Annually_6,FranceVerif+ Annually_6,fvplus_apple_sub_y_6,EUR,t,f,119.99,0.00,119.99,,,2024-10-22 13:57:30.577875,2024-10-22 13:57:30.577875,,119.99,119.99,,3,franceverif,year,1,,main
36,FranceVerif+ Annually_7,FranceVerif+ Annually_7,fvplus_apple_sub_y_7,EUR,t,f,119.99,0.00,119.99,,,2024-10-22 13:57:30.577875,2024-10-22 13:57:30.577875,,119.99,119.99,,3,franceverif,year,1,,main
37,FranceVerif+ Annually Plus,FranceVerif+ Annually Plus,fvplus_apple_sub_y_plus,EUR,t,f,59.99,0.00,59.99,,,2024-10-22 13:57:30.577875,2024-10-22 13:57:30.577875,,59.99,59.99,,3,franceverif,year,1,,main
38,FranceVerif+ Annually Plus_2,FranceVerif+ Annually Plus_2,fvplus_apple_sub_y_plus_2,EUR,t,f,79.99,0.00,79.99,,,2024-10-22 13:57:30.577875,2024-10-22 13:57:30.577875,,79.99,79.99,,3,franceverif,year,1,,main
39,FranceVerif+ Annually Plus_3,FranceVerif+ Annually Plus_3,fvplus_apple_sub_y_plus_3,EUR,t,f,89.99,0.00,89.99,,,2024-10-22 13:57:30.577875,2024-10-22 13:57:30.577875,,89.99,89.99,,3,franceverif,year,1,,main
40,FranceVerif+ Annually Plus_4,FranceVerif+ Annually Plus_4,fvplus_apple_sub_y_plus_4,EUR,t,f,139.99,0.00,139.99,,,2024-10-22 13:57:30.577875,2024-10-22 13:57:30.577875,,139.99,139.99,,3,franceverif,year,1,,main
41,FranceVerif+ Annually Plus_5,FranceVerif+ Annually Plus_5,fvplus_apple_sub_y_plus_5,EUR,t,f,139.99,0.00,139.99,,,2024-10-22 13:57:30.577875,2024-10-22 13:57:30.577875,,139.99,139.99,,3,franceverif,year,1,,main
42,UP+ Subscription Apple Year,UP+ Subscription Apple Year,usa_protect_apple_main_year,USD,t,f,39.99,0.00,39.99,,,2024-12-02 12:42:50.838029,2024-12-02 12:42:50.838029,,39.99,39.99,,3,controlplus,year,1,,main
43,FranceVerif+ Montly Plus,FranceVerif+ Montly Plus,fvplus_android_test_m,EUR,t,f,8.33,20.00,9.99,,,2024-12-12 11:16:15.001138,2024-12-12 11:16:15.001138,,8.33,9.99,,3,franceverif,month,1,,main
44,CP+ Subscription monthly,CP+ Subscription Monthly Plan,upplus_monthly_old,USD,t,t,36.07,20.00,43.29,prod_RqNtvR9AUDWtjd,price_1Qwh7NGPQMseK89O7nXIb4sF,2024-12-24 14:13:16.816859,2025-05-27 10:25:08.965902,,36.07,43.29,price_1Qwh7NGPQMseK89O7nXIb4sF,4,controlplus,month,1,,main
45,CP+ Subscription,CP+ Subscription Plan,upplus_old,USD,t,t,432.90,20.00,519.48,prod_RqNtYEg6WgLEhO,price_1Qwh7GGPQMseK89ORWczOoVt,2024-12-24 14:13:16.973188,2025-05-27 10:25:08.972732,,432.90,519.48,price_1Qwh7GGPQMseK89ORWczOoVt,4,controlplus,year,1,,main
46,UP+ Subscription 2 years,UP+ Subscription 2 years Plan,upplus_2y_old,USD,t,t,200.00,20.00,240.00,prod_RqALtOSo1xwCTI,price_1QwU0SGPQMseK89OdqhNBIWT,2024-12-24 14:13:17.118269,2025-02-25 19:41:28.773949,,200.00,240.00,price_1QwU0SGPQMseK89OdqhNBIWT,4,controlplus,year,2,,main
47,CP+ Subscription weekly,CP+ Subscription Weekly Plan,upplus_weekly_old,USD,t,t,8.33,20.00,9.99,prod_Rq7R5EU2u9zSF1,price_1QwRCFGPQMseK89OHfPBqE4B,2024-12-24 14:13:17.259861,2025-05-27 10:25:08.991079,,8.33,9.99,price_1QwRCFGPQMseK89OHfPBqE4B,4,controlplus,week,1,,main
48,UP+ Subscription Apple Year,UP+ Subscription Apple Year,control_plus_apple_main_year,USD,t,f,39.99,0.00,39.99,,,2024-12-02 12:42:50.838029,2024-12-02 12:42:50.838029,,39.99,39.99,,3,controlplus,year,1,,main
49,CP+ Subscription monthly Apple,CP+ Subscription Monthly Plan Apple,control_plus_apple_month,USD,t,f,19.99,20.00,19.99,,,2025-01-09 16:57:23.024626,2025-12-03 13:42:54.771664,,19.99,19.99,,9,controlplus,month,1,,main
50,CP+ Subscription monthly,CP+ Subscription Monthly Plan,upplus_2_monthly_old,USD,t,t,8.33,20.00,9.99,prod_RqNtt1A5bRsGjT,price_1Qwh7KGPQMseK89OJJz6iC81,2025-01-20 09:07:24.46743,2025-05-27 10:25:08.978935,,8.33,9.99,price_1Qwh7KGPQMseK89OJJz6iC81,4,controlplus,month,1,,main
51,CP+ Subscription,CP+ Subscription Plan,upplus_2_old,USD,t,t,99.99,20.00,119.99,prod_RqNtt7iks4tUvG,price_1Qwh7MGPQMseK89O9BI1tFGg,2025-01-20 09:07:24.720623,2025-05-27 10:25:08.984883,,99.99,119.99,price_1Qwh7MGPQMseK89O9BI1tFGg,4,controlplus,year,1,,main
52,CP+ Subscription quarterly,CP+ Subscription Quarterly Plan,upplus_quarterly_old,USD,t,t,37.38,20.00,44.86,prod_Rq9NynP2j249pb,price_1QwT4PGPQMseK89OIKR2lR45,2025-02-07 10:29:20.03025,2025-05-27 10:25:09.002705,,37.38,44.86,price_1QwT4PGPQMseK89OIKR2lR45,4,controlplus,month,3,,main
53,CP+ Subscription half-year,CP+ Subscription Half-year Plan,upplus_halfyear_old,USD,t,t,75.74,20.00,90.89,prod_Rq9NTdRv3oZi5v,price_1QwT4QGPQMseK89OBNchzNOR,2025-02-07 10:29:20.191693,2025-05-27 10:25:09.009015,,75.74,90.89,price_1QwT4QGPQMseK89OBNchzNOR,4,controlplus,month,6,,main
55,Test,Test,fvplus_old,USD,t,t,126.23,20.00,151.48,prod_SCC9vvokrJ3YZ2,price_1RHnlKGPQMseK89OVenqzJMh,2025-04-15 09:14:14.941819,2025-04-25 15:01:58.81887,,126.23,151.48,price_1RHnlKGPQMseK89OVenqzJMh,4,controlplus,month,6,,main
63,Test Stripe-Dashboard,,test_stripe_dashboard_price_1QuUpYGtfooAUczLcLGEXWi4,EUR,f,f,14.48,0.00,14.48,prod_Ro73Ob0z9nhlJh,price_1QuUpYGtfooAUczLcLGEXWi4,2025-02-24 11:14:59.529798,2025-02-24 11:14:59.529798,,14.48,14.48,price_1QuUpYGtfooAUczLcLGEXWi4,,franceverif,month,1,,main
64,Test Stripe Dasboard Exclusive,,test_stripe_dasboard_exclusive_price_1QvzelGtfooAUczLd8KJy1SO,EUR,f,f,14.48,15.00,16.65,prod_RpeyrrNKvvF1a2,price_1QvzelGtfooAUczLd8KJy1SO,2025-02-24 11:17:39.534578,2025-02-24 11:17:39.534578,,14.48,16.65,price_1QvzelGtfooAUczLd8KJy1SO,7,franceverif,month,2,,main
65,Hello World,,hello_world_price_1Qw1BeGPQMseK89OQPMenF4S,USD,f,f,5.00,50.00,7.50,prod_RpgYYaFWaHl220,price_1Qw1BeGPQMseK89OQPMenF4S,2025-02-24 12:59:58.147455,2025-02-24 12:59:58.147455,,5.00,7.50,price_1Qw1BeGPQMseK89OQPMenF4S,8,controlplus,month,3,,main
66,Test Fransua,,test_fransua_price_1Qw211GtfooAUczLuzWGJlkJ,EUR,f,f,123.00,0.00,123.00,prod_RphPI1AKxGyDQ5,price_1Qw211GtfooAUczLuzWGJlkJ,2025-02-24 13:49:54.69849,2025-02-24 13:49:54.69849,,123.00,123.00,price_1Qw211GtfooAUczLuzWGJlkJ,,franceverif,year,1,,main
67,CP+ Subscription monthly,,cp+_subscription_monthly_price_1QwWocGPQMseK89Os6qVn8X9,USD,f,f,43.29,0.00,43.29,prod_RqDFEKiLmdgIL1,price_1QwWocGPQMseK89Os6qVn8X9,2025-02-27 12:47:47.139009,2025-02-27 12:47:47.139009,,43.29,43.29,price_1QwWocGPQMseK89Os6qVn8X9,,controlplus,month,1,,main
68,ControlPlus Subscription for 1 month,CP+ Subscription Monthly Plan PPG,108817,USD,t,f,14.99,20.00,14.99,,,2025-03-20 11:46:02.913906,2025-12-03 13:42:54.893036,,14.99,14.99,,9,controlplus,month,1,,main
69,ControlPlus Subscription 3 months,CP+ Subscription Quarterly Plan PPG,108816,USD,t,f,34.99,20.00,34.99,,,2025-03-20 11:46:02.934257,2025-12-03 13:42:54.973449,,34.99,34.99,,9,controlplus,month,3,,main
70,ControlPlus Subscription 6 months,CP+ Subscription Half-year Plan PPG,108810,USD,t,f,49.99,20.00,49.99,,,2025-03-20 11:46:02.944445,2025-12-03 13:42:55.072171,,49.99,49.99,,9,controlplus,month,6,,main
71,CP+ Subscription monthly,CP+ Subscription Monthly Plan,upplus_monthly_web2wave_old,USD,t,t,12.49,20.00,14.99,prod_Rz0w3b1eoofJSF,price_1R52uNGPQMseK89O99GNQdR5,2025-03-21 10:33:56.095515,2025-05-16 09:46:51.722452,,12.49,14.99,price_1R52uNGPQMseK89O99GNQdR5,4,controlplus,month,1,,main
72,CP+ Subscription quarterly,CP+ Subscription Quarterly Plan,upplus_quarterly_web2wave_old,USD,t,t,29.15,20.00,34.99,prod_Rz0wkTKVA1qReC,price_1R52uPGPQMseK89OhV8bfoLm,2025-03-21 10:33:56.2566,2025-05-16 09:46:51.819525,,29.15,34.99,price_1R52uPGPQMseK89OhV8bfoLm,4,controlplus,month,3,,main
73,CP+ Subscription half-year,CP+ Subscription Half-year Plan,upplus_halfyear_web2wave_old,USD,t,t,41.65,20.00,49.99,prod_Rz0w8tReoAGvvQ,price_1R52uRGPQMseK89OzE8sRSzz,2025-03-21 10:33:56.403315,2025-05-16 09:46:51.906324,,41.65,49.99,price_1R52uRGPQMseK89OzE8sRSzz,4,controlplus,month,6,,main
74,Dev ControlPlus Subscription for 1 month,CP+ Subscription Monthly Plan PPG,110397,USD,t,f,14.99,20.00,14.99,,,2025-03-26 12:25:25.181284,2025-05-27 10:25:09.015478,,14.99,14.99,,4,controlplus,month,1,,main
75,Dev ControlPlus Subscription 3 months,CP+ Subscription Quarterly Plan PPG,110398,USD,t,f,34.99,20.00,34.99,,,2025-03-26 12:25:25.201807,2025-05-27 10:25:09.024894,,34.99,34.99,,4,controlplus,month,3,,main
76,Dev ControlPlus Subscription 6 months,CP+ Subscription Half-year Plan PPG,110399,USD,t,f,49.99,20.00,49.99,,,2025-03-26 12:25:25.211582,2025-05-27 10:25:09.031034,,49.99,49.99,,4,controlplus,month,6,,main
77,CP+ Subscription monthly,CP+ Subscription Monthly Plan,upplus_monthly_24_99_old,USD,t,t,20.85,20.00,24.99,prod_S8MIPAQnNiJR6Z,price_1RE5ZYGPQMseK89OQbZhPXKi,2025-04-15 06:05:07.288273,2025-05-16 09:46:51.98547,,20.85,24.99,price_1RE5ZYGPQMseK89OQbZhPXKi,4,controlplus,month,1,,main
78,CP+ Subscription monthly,CP+ Subscription Monthly Plan,upplus_monthly_19_99_old,USD,t,t,16.66,20.00,19.99,prod_S8MIed3A9EleKS,price_1RE5ZaGPQMseK89O5XEJ6VsW,2025-04-15 06:05:07.454239,2025-05-16 09:46:52.071127,,16.66,19.99,price_1RE5ZaGPQMseK89O5XEJ6VsW,4,controlplus,month,1,,main
79,CP+ Subscription quarterly,CP+ Subscription Quarterly Plan,upplus_quarterly_49_99_old,USD,t,t,50.19,20.00,60.23,prod_S8MI9o7mgAMYBC,price_1RE5ZcGPQMseK89OnK1gwBgO,2025-04-15 06:05:07.614352,2025-05-16 09:46:52.156904,,50.19,60.23,price_1RE5ZcGPQMseK89OnK1gwBgO,4,controlplus,month,3,,main
80,CP+ Subscription half-year,CP+ Subscription Half-year Plan,upplus_halfyear_64_99_old,USD,t,t,100.29,20.00,120.35,prod_S8MIlQRv4Nb8R6,price_1RE5ZgGPQMseK89OVnxBoL4v,2025-04-15 06:05:07.780383,2025-05-16 09:46:52.316822,,100.29,120.35,price_1RE5ZgGPQMseK89OVnxBoL4v,4,controlplus,month,6,,main
81,CP+ Subscription quarterly,CP+ Subscription Quarterly Plan,upplus_quarterly_39_99_old,USD,t,t,62.88,20.00,75.45,prod_S8MIwtH66g5w5e,price_1RE5ZeGPQMseK89OurouxZuz,2025-04-15 09:14:14.694882,2025-05-16 09:46:52.236485,,62.88,75.45,price_1RE5ZeGPQMseK89OurouxZuz,4,controlplus,month,3,,main
82,CP+ Subscription half-year,CP+ Subscription Half-year Plan,upplus_halfyear_49_99_old,USD,t,t,126.23,20.00,151.48,prod_S8MIU1B94Kd966,price_1RE5ZhGPQMseK89ONpJhPtFK,2025-04-15 09:14:14.941819,2025-05-16 09:46:52.400744,,126.23,151.48,price_1RE5ZhGPQMseK89ONpJhPtFK,4,controlplus,month,6,,main
84,CP+ Subscription quarterly,CP+ Subscription Quarterly Plan,upplus_quarterly_39_99_without_coupon_old,USD,t,t,33.33,20.00,39.99,prod_SCC9MRPhm7ikvh,price_1RHnlIGPQMseK89OxWZHWvtr,2025-04-25 15:01:33.572258,2025-04-25 15:01:57.258485,,33.33,39.99,price_1RHnlIGPQMseK89OxWZHWvtr,4,controlplus,month,3,,main
85,CP+ Subscription year W2W,CP+ Subscription year W2W Plan,upplus_year_web2wave_99_99_old,USD,t,t,83.33,20.00,99.99,prod_SJypZ8GAfE0A7n,price_1RPKs5GPQMseK89OVO48ULPB,2025-05-16 09:45:16.719774,2025-05-16 09:48:06.421773,,83.33,99.99,price_1RPKs5GPQMseK89OVO48ULPB,4,controlplus,year,1,,main
86,CP+ Subscription weekly W2W,CP+ Subscription weekly W2W,upplus_weekly_web2wave_9_99_old,USD,t,t,8.33,20.00,9.99,prod_SJypxcmGy11VJs,price_1RPKs3GPQMseK89OxlKR5Tb1,2025-05-16 09:45:16.882476,2025-05-16 09:48:04.481941,,8.33,9.99,price_1RPKs3GPQMseK89OxlKR5Tb1,4,controlplus,week,1,,main
87,CP+ Subscription monthly,CP+ Subscription Monthly Plan,upplus_monthly,USD,t,t,36.07,20.00,43.29,prod_SRULnHxcFgVR4D,price_1RWbMfQFjuwkEDFb9Upe5cCb,2024-12-24 14:13:16.816859,2025-12-03 13:42:54.472341,,36.07,43.29,price_1RWbMfQFjuwkEDFb9Upe5cCb,9,controlplus,month,1,,main
88,CP+ Subscription,CP+ Subscription Plan,upplus,USD,t,t,432.90,20.00,519.48,prod_SRULXJFvmlsJmb,price_1RWbMeQFjuwkEDFb24n8ShVF,2024-12-24 14:13:16.973188,2025-12-03 13:42:54.494856,,432.90,519.48,price_1RWbMeQFjuwkEDFb24n8ShVF,9,controlplus,year,1,,main
89,UP+ Subscription 2 years,UP+ Subscription 2 years Plan,upplus_2y,USD,t,t,200.00,20.00,240.00,prod_SRULDngwUgGNMF,price_1RWbMcQFjuwkEDFbWWdCm9NW,2024-12-24 14:13:17.118269,2025-06-05 10:49:39.198472,,200.00,240.00,price_1RWbMcQFjuwkEDFbWWdCm9NW,9,controlplus,year,2,,main
90,CP+ Subscription weekly,CP+ Subscription Weekly Plan,upplus_weekly,USD,t,t,8.33,20.00,9.99,prod_SRULNA7kLphVMG,price_1RWbMbQFjuwkEDFbmrMRTTEc,2024-12-24 14:13:17.259861,2025-12-03 13:42:54.694659,,8.33,9.99,price_1RWbMbQFjuwkEDFbmrMRTTEc,9,controlplus,week,1,,main
91,CP+ Subscription monthly,CP+ Subscription Monthly Plan,upplus_2_monthly,USD,t,t,8.33,20.00,9.99,prod_SRUL1sh7EI569a,price_1RWbMZQFjuwkEDFbTGjcy0PS,2025-01-20 09:07:24.46743,2025-12-03 13:42:54.59169,,8.33,9.99,price_1RWbMZQFjuwkEDFbTGjcy0PS,9,controlplus,month,1,,main
92,CP+ Subscription,CP+ Subscription Plan,upplus_2,USD,t,t,99.99,20.00,119.99,prod_SRULKwx5sx9xsi,price_1RWbMYQFjuwkEDFbOfKZ8hH1,2025-01-20 09:07:24.720623,2025-12-03 13:42:54.674542,,99.99,119.99,price_1RWbMYQFjuwkEDFbOfKZ8hH1,9,controlplus,year,1,,main
93,CP+ Subscription quarterly,CP+ Subscription Quarterly Plan,upplus_quarterly,USD,t,t,37.38,20.00,44.86,prod_SRULeIRMFJ32M8,price_1RWbMWQFjuwkEDFb4ykoD7EG,2025-02-07 10:29:20.03025,2025-12-03 13:42:54.79146,,37.38,44.86,price_1RWbMWQFjuwkEDFb4ykoD7EG,9,controlplus,month,3,,main
94,CP+ Subscription half-year,CP+ Subscription Half-year Plan,upplus_halfyear,USD,t,t,75.74,20.00,90.89,prod_SRULlAYRj37AIU,price_1RWbN3QFjuwkEDFbuYbLKTeH,2025-02-07 10:29:20.191693,2025-12-03 13:42:54.873917,,75.74,90.89,price_1RWbN3QFjuwkEDFbuYbLKTeH,9,controlplus,month,6,,main
95,CP+ Subscription monthly,CP+ Subscription Monthly Plan,upplus_monthly_web2wave,USD,t,t,12.49,20.00,14.99,prod_SRULNLLSAxNudD,price_1RWbN2QFjuwkEDFbCCKmXc2q,2025-03-21 10:33:56.095515,2025-12-03 13:42:55.173382,,12.49,14.99,price_1RWbN2QFjuwkEDFbCCKmXc2q,9,controlplus,month,1,,main
96,CP+ Subscription quarterly,CP+ Subscription Quarterly Plan,upplus_quarterly_web2wave,USD,t,t,29.15,20.00,34.99,prod_SRULrykRovzUNc,price_1RWbN0QFjuwkEDFbAtbcN76N,2025-03-21 10:33:56.2566,2025-12-03 13:42:55.193803,,29.15,34.99,price_1RWbN0QFjuwkEDFbAtbcN76N,9,controlplus,month,3,,main
97,CP+ Subscription half-year,CP+ Subscription Half-year Plan,upplus_halfyear_web2wave,USD,t,t,41.65,20.00,49.99,prod_SRULpemPJwn30j,price_1RWbMyQFjuwkEDFb10RcoiTq,2025-03-21 10:33:56.403315,2025-12-03 13:42:55.273244,,41.65,49.99,price_1RWbMyQFjuwkEDFb10RcoiTq,9,controlplus,month,6,,main
98,CP+ Subscription monthly,CP+ Subscription Monthly Plan,upplus_monthly_24_99,USD,t,t,20.85,20.00,24.99,prod_SRULeQv41xZwlk,price_1RWbMwQFjuwkEDFbS0mvdyfX,2025-04-15 06:05:07.288273,2025-12-03 13:42:55.374007,,20.85,24.99,price_1RWbMwQFjuwkEDFbS0mvdyfX,9,controlplus,month,1,,main
99,CP+ Subscription monthly,CP+ Subscription Monthly Plan,upplus_monthly_19_99,USD,t,t,16.66,20.00,19.99,prod_SRULabap51TuCY,price_1RWbMvQFjuwkEDFbTTBGNgKh,2025-04-15 06:05:07.454239,2025-12-03 13:42:55.491757,,16.66,19.99,price_1RWbMvQFjuwkEDFbTTBGNgKh,9,controlplus,month,1,,main
100,CP+ Subscription quarterly,CP+ Subscription Quarterly Plan,upplus_quarterly_49_99,USD,t,t,50.19,20.00,60.23,prod_SRULUcQqIMKxLG,price_1RWbMtQFjuwkEDFbvOij2sr3,2025-04-15 06:05:07.614352,2025-12-03 13:42:55.575092,,50.19,60.23,price_1RWbMtQFjuwkEDFbvOij2sr3,9,controlplus,month,3,,main
101,CP+ Subscription half-year,CP+ Subscription Half-year Plan,upplus_halfyear_64_99,USD,t,t,100.29,20.00,120.35,prod_SRUL9NXNSac1za,price_1RWbMrQFjuwkEDFb6SqTzrjV,2025-04-15 06:05:07.780383,2025-12-03 13:42:55.7736,,100.29,120.35,price_1RWbMrQFjuwkEDFb6SqTzrjV,9,controlplus,month,6,,main
102,CP+ Subscription quarterly,CP+ Subscription Quarterly Plan,upplus_quarterly_39_99,USD,t,t,62.88,20.00,75.45,prod_SRULVm2GrIClLp,price_1RWbMqQFjuwkEDFbsKmnxO8f,2025-04-15 09:14:14.694882,2025-12-03 13:42:55.672741,,62.88,75.45,price_1RWbMqQFjuwkEDFbsKmnxO8f,9,controlplus,month,3,,main
103,CP+ Subscription half-year,CP+ Subscription Half-year Plan,upplus_halfyear_49_99,USD,t,t,126.23,20.00,151.48,prod_SRULLpmCbIEfF6,price_1RWbMoQFjuwkEDFbDUs3c2Bb,2025-04-15 09:14:14.941819,2025-12-03 13:42:55.872355,,126.23,151.48,price_1RWbMoQFjuwkEDFbDUs3c2Bb,9,controlplus,month,6,,main
104,CP+ Subscription quarterly,CP+ Subscription Quarterly Plan,upplus_quarterly_39_99_without_coupon,USD,t,t,33.33,20.00,39.99,prod_SRULIAZjsaDEPm,price_1RWbMnQFjuwkEDFbdMPizgm5,2025-04-25 15:01:33.572258,2025-12-03 13:42:55.69253,,33.33,39.99,price_1RWbMnQFjuwkEDFbdMPizgm5,9,controlplus,month,3,,main
105,CP+ Subscription year W2W,CP+ Subscription Year W2W Plan,upplus_year_web2wave_99_99,USD,t,t,83.33,20.00,99.99,prod_SRUL6zt40o1bXh,price_1RWbMlQFjuwkEDFbr32KTMDh,2025-05-16 09:45:16.719774,2025-12-03 13:42:55.971944,,83.33,99.99,price_1RWbMlQFjuwkEDFbr32KTMDh,9,controlplus,year,1,,main
106,CP+ Subscription weekly W2W,CP+ Subscription Weekly W2W,upplus_weekly_web2wave_9_99,USD,t,t,8.33,20.00,9.99,prod_SRULSZ9e1imTAU,price_1RWbMkQFjuwkEDFbjhoZGdjH,2025-05-16 09:45:16.882476,2025-12-03 13:42:56.072317,,8.33,9.99,price_1RWbMkQFjuwkEDFbjhoZGdjH,9,controlplus,week,1,,main
107,CP+ Subscription half-year W2W,CP+ Subscription Half-year W2W Plan,upplus_halfyear_web2wave_64_99,USD,t,t,54.15,20.00,64.99,prod_SRUL23IHDc2kfe,price_1RWbMiQFjuwkEDFbaicE7k9c,2025-06-05 10:44:57.4966,2025-12-03 13:42:56.272361,,54.15,64.99,price_1RWbMiQFjuwkEDFbaicE7k9c,9,controlplus,month,6,,main
108,CP+ Subscription quarterly W2W,CP+ Subscription Quarterly W2W,upplus_quarterly_web2wave_49_99,USD,t,t,41.65,20.00,49.99,prod_SRULxQ4mdI5byy,price_1RWbMhQFjuwkEDFbkTGKGLYF,2025-06-05 10:44:57.661489,2025-12-03 13:42:56.571508,,41.65,49.99,price_1RWbMhQFjuwkEDFbkTGKGLYF,9,controlplus,month,3,,main
109,CP+ Subscription weekly W2W,,cp+_subscription_weekly_w2w_price_1RdmN8QFjuwkEDFbFAMtKtZw,USD,f,f,49.99,0.00,49.99,prod_SYuBQqcpgrxrdo,price_1RdmN8QFjuwkEDFbFAMtKtZw,2025-07-04 08:12:07.607378,2025-07-04 08:12:07.607378,,49.99,49.99,price_1RdmN8QFjuwkEDFbFAMtKtZw,,controlplus,month,3,,main
110,CP+ Subscription weekly W2W,CP+ Subscription Weekly W2W,upplus_weekly_web2wave_6_99,USD,t,t,6.66,20.00,7.99,prod_SgNwKKOZxln4Q4,price_1Rl1AjQFjuwkEDFbRGPWUQmb,2025-07-15 05:12:09.616056,2025-12-03 13:42:56.674006,,6.66,7.99,price_1Rl1AjQFjuwkEDFbRGPWUQmb,9,controlplus,week,1,,main
111,Test Google Pay,Test Google Pay,test-monthly,USD,t,f,49.99,0.00,49.99,,,2025-07-17 14:00:42.906029,2025-07-17 14:00:42.906029,,49.99,49.99,,,controlplus,month,1,,main
112,CP+ Subscription monthly,,cp+_subscription_monthly_price_1RdmMyQFjuwkEDFbOd6rZFxp,USD,f,f,9.99,0.00,9.99,prod_SYuB4AYCJYuVy4,price_1RdmMyQFjuwkEDFbOd6rZFxp,2025-07-23 09:55:07.490218,2025-07-23 09:55:07.490218,,9.99,9.99,price_1RdmMyQFjuwkEDFbOd6rZFxp,,controlplus,month,1,,main
113,CP+ Subscription half-year Apple,CP+ Subscription half-year Apple,6_months_49.99,USD,t,f,49.99,0.00,49.99,,,2025-08-15 12:37:21.9153,2025-08-15 12:37:21.9153,,49.99,49.99,,9,controlplus,month,6,,main
114,CP+ Subscription quarterly Apple,CP+ Subscription quarterly Apple,3_months_34.99,USD,t,f,34.99,0.00,34.99,,,2025-08-15 12:37:21.9153,2025-08-15 12:37:21.9153,,34.99,34.99,,9,controlplus,month,3,,main
115,CP+ Subscription monthly Apple,CP+ Subscription monthly Apple,1_month_14.99,USD,t,f,14.99,0.00,14.99,,,2025-08-15 12:37:21.9153,2025-08-15 12:37:21.9153,,14.99,14.99,,9,controlplus,month,1,,main
116,CP+ Subscription quarterly Apple,CP+ Subscription quarterly Apple,3_months_3999,USD,t,f,39.99,0.00,39.99,,,2025-08-20 06:01:06.466745,2025-08-20 06:01:06.466745,,39.99,39.99,,9,controlplus,month,3,,main
117,CP+ Subscription half-year Apple,CP+ Subscription half-year Apple,6_months_6499,USD,t,f,64.99,0.00,64.99,,,2025-08-20 06:01:06.466745,2025-08-20 06:01:06.466745,,64.99,64.99,,,controlplus,month,6,,main
118,CP+ Subscription Apple Year,CP+ Subscription Apple Year,1_year_price,USD,t,f,99.99,0.00,99.99,,,2025-08-20 06:01:06.466745,2025-08-20 06:01:06.466745,,99.99,99.99,,,controlplus,year,1,,main
119,CP+ Subscription monthly special,CP+ Subscription monthly special,upplus_monthly_special_7_99,USD,t,t,6.66,20.00,7.99,prod_T1pnxFE3hR9pSU,price_1S5m8MQFjuwkEDFbLBzdgDMp,2025-09-10 11:18:53.928255,2025-12-03 13:42:56.678941,,6.66,7.99,price_1S5m8MQFjuwkEDFbLBzdgDMp,9,controlplus,month,1,,main
120,Google Control+ Full Protection,Google Control+ Full Protection,dev-android-12-months,USD,t,f,99.99,0.00,99.99,,,2025-09-18 05:18:08.366633,2025-09-18 05:18:08.366633,,99.99,99.99,,,controlplus,year,1,dev_price_android,main
121,Google Control+ Full Protection,Google Control+ Full Protection,dev-android-3-months,USD,t,f,39.99,0.00,39.99,,,2025-09-18 05:18:08.366633,2025-09-18 05:18:08.366633,,39.99,39.99,,,controlplus,month,3,dev_price_android,main
122,Google Control+ Full Protection,Google Control+ Full Protection,dev-android-6-months,USD,t,f,64.99,0.00,64.99,,,2025-09-18 05:18:08.366633,2025-09-18 05:18:08.366633,,64.99,64.99,,,controlplus,month,6,dev_price_android,main
123,CP+ Subscription half-year,CP+ Subscription Half-year Plan,upplus_halfyear_64_99_without_coupon,USD,t,t,54.15,20.00,64.99,prod_T4jpR3D4qXZ6F3,price_1S8aLnQFjuwkEDFbcWGKvnpB,2025-09-18 05:25:26.318187,2025-09-18 05:25:48.293981,,54.15,64.99,price_1S8aLnQFjuwkEDFbcWGKvnpB,9,controlplus,month,6,,main
124,CP+ Subscription daily W2W,CP+ Subscription Daily W2W,upplus_daily_web2wave,USD,t,f,5.00,20.00,5.00,prod_TyJxvFYCvSr9RO,price_1T0NJsQFjuwkEDFbUSwJpDKj,2025-07-15 05:12:09.616056,2025-09-18 05:25:26.145765,,5.00,5.00,,9,controlplus,day,1,,main
125,CP+ Subscription year W2W(Primer),CP+ Subscription year W2W(Primer),upplus_year_web2wave_49.99,USD,t,f,41.65,20.00,49.99,,,2025-11-17 10:34:44.00242,2025-12-03 13:42:56.792278,,41.65,49.99,,9,controlplus,year,1,,main
126,CP+ Subscription year W2W(Primer),CP+ Subscription year W2W(Primer),upplus_year_web2wave_99.99,USD,t,f,83.33,20.00,99.99,,,2025-11-17 10:34:44.102767,2025-12-03 13:42:57.272623,,83.33,99.99,,9,controlplus,year,1,,main
127,CP+ Subscription 3 Months W2W(Primer),CP+ Subscription 3 Months W2W(Primer),upplus_quarterly_web2wave_39.99,USD,t,f,33.33,20.00,39.99,,,2025-11-17 10:34:44.116139,2025-12-03 13:42:57.373709,,33.33,39.99,,9,controlplus,month,3,,main
128,CP+ Subscription 3 Months W2W(Primer),CP+ Subscription 3 Months W2W(Primer),upplus_monthly_web2wave_14.99,USD,t,f,12.49,20.00,14.99,,,2025-11-17 10:34:44.204303,2025-12-03 13:42:57.394721,,12.49,14.99,,9,controlplus,month,1,,main
129,Recurly Test 1 Month,Recurly Test 1 Month,cpd-month,EUR,t,f,14.99,0.00,14.99,,,2025-11-20 14:07:34.963825,2025-11-20 14:07:34.963825,,14.99,14.99,,,controlplus,,1,,main
131,FranceVerif+ Montly Plus Base,FranceVerif+ Montly Plus Base,base-fvplus-android-test-m,EUR,t,f,8.33,20.00,9.99,,,2024-12-12 11:16:15.001138,2024-12-12 11:16:15.001138,,8.33,9.99,,3,franceverif,month,1,fvplus_android_test_m,main
132,FranceVerif+ Year Plus Base,FranceVerif+ Year Plus Base,base-fvplus-android-sub-y-1,EUR,t,f,49.99,0.00,49.99,,,2026-01-07 10:49:14.306277,2026-01-07 10:49:14.306277,,49.99,49.99,,,franceverif,year,1,fvplus_android_sub_y_1,main
133,FranceVerif+ Month Plus Base,FranceVerif+ Month Plus Base,base-fvplus-apple-m-1,EUR,t,f,9.99,0.00,9.99,,,2026-01-07 13:28:06.056371,2026-01-07 13:28:06.056371,,9.99,9.99,,,franceverif,month,1,fvplus_android_m_1,main
134,CP+ Subscription year SolidGate,CP+ Subscription year SolidGate,1_year_solidgate_1.00,USD,t,f,1.00,0.00,1.00,,,2026-01-12 08:59:58.052342,2026-01-12 08:59:58.052342,,1.00,1.00,,,controlplus,year,1,,main
135,CP+ Subscription week SolidGate + trial,CP+ Subscription week SolidGate + trial,17_week_trila_test,USD,t,f,10.00,0.00,10.00,,,2026-01-12 08:59:58.052342,2026-01-12 08:59:58.052342,,10.00,10.00,,,controlplus,week,17,,main